id,Domaine,Categorie,Sections,Pages,sous-pages
I.1.1.1,PrÃ©sentations,ğŸ§ ,Mon Histoire,Prise dâ€™Ã©lan,
I.1.1.2,PrÃ©sentations,ğŸ§ ,Mon Histoire,DÃ©collage,
I.1.1.3,PrÃ©sentations,ğŸ§ ,Mon Histoire,Le Mythe dâ€™Icare,
I.1.1.4,PrÃ©sentations,ğŸ§ ,Mon Histoire,et du Phoenix,
I.1.2.1.1,PrÃ©sentations,ğŸ§ ,Mes Opinions,NumÃ©rique,MÃ©tiers
I.1.2.1.2,PrÃ©sentations,ğŸ§ ,Mes Opinions,NumÃ©rique,CompÃ©tences
I.1.2.1.3,PrÃ©sentations,ğŸ§ ,Mes Opinions,NumÃ©rique,GAFAM
I.1.2.1.4,PrÃ©sentations,ğŸ§ ,Mes Opinions,NumÃ©rique,SouverainetÃ©
I.1.2.2.1,PrÃ©sentations,ğŸ§ ,Mes Opinions,Education,Primaire & Secondaire
I.1.2.2.2,PrÃ©sentations,ğŸ§ ,Mes Opinions,Education,Enseignement Lucratif
I.1.2.2.3,PrÃ©sentations,ğŸ§ ,Mes Opinions,Education,Formation Professionnelle
I.1.2.2.4,PrÃ©sentations,ğŸ§ ,Mes Opinions,Education,Enseignement Superieur
I.1.2.3.1,PrÃ©sentations,ğŸ§ ,Mes Opinions,Science,La MÃ©thode Scientifique
I.1.2.3.2,PrÃ©sentations,ğŸ§ ,Mes Opinions,Science,Scientific Publication
I.1.2.3.3,PrÃ©sentations,ğŸ§ ,Mes Opinions,Science,Open Science
I.1.2.3.4,PrÃ©sentations,ğŸ§ ,Mes Opinions,Science,Reproducibility Crisis
I.1.2.4.1,PrÃ©sentations,ğŸ§ ,Mes Opinions,DÃ©mocratie,
I.1.2.4.2,PrÃ©sentations,ğŸ§ ,Mes Opinions,DÃ©mocratie,
I.1.2.4.3,PrÃ©sentations,ğŸ§ ,Mes Opinions,DÃ©mocratie,
I.1.2.4.4,PrÃ©sentations,ğŸ§ ,Mes Opinions,DÃ©mocratie,
I.1.3.1,PrÃ©sentations,ğŸ§ ,Mon Ikigai,je peux Ãªtre PayÃ©,
I.1.3.2,PrÃ©sentations,ğŸ§ ,Mon Ikigai,je suis DouÃ©,
I.1.3.3,PrÃ©sentations,ğŸ§ ,Mon Ikigai,jâ€™Aime,
I.1.3.4,PrÃ©sentations,ğŸ§ ,Mon Ikigai,le Monde Ã  Besoin,
I.1.4.1,PrÃ©sentations,ğŸ§ ,Ma Methode,Stack,
I.1.4.2.1,PrÃ©sentations,ğŸ§ ,Ma Methode,Workflows,Se Lancer
I.1.4.2.2,PrÃ©sentations,ğŸ§ ,Ma Methode,Workflows,ImplÃ©menter
I.1.4.2.3,PrÃ©sentations,ğŸ§ ,Ma Methode,Workflows,Heberger
I.1.4.2.4,PrÃ©sentations,ğŸ§ ,Ma Methode,Workflows,Iterer
I.1.4.3,PrÃ©sentations,ğŸ§ ,Ma Methode,Base de Connaissance,
I.1.4.4.1,PrÃ©sentations,ğŸ§ ,Ma Methode,Intelligences,Artificielle
I.1.4.4.2,PrÃ©sentations,ğŸ§ ,Ma Methode,Intelligences,Humaine
I.1.4.4.3,PrÃ©sentations,ğŸ§ ,Ma Methode,Intelligences,Collective
I.1.4.4.4,PrÃ©sentations,ğŸ§ ,Ma Methode,Intelligences,Environemental
I.2.1.1,PrÃ©sentations,ğŸ§©,Nom et Valeurs,Web 4.0,
I.2.1.2,PrÃ©sentations,ğŸ§©,Nom et Valeurs,PlanÃ¨te Apprenante,
I.2.1.3,PrÃ©sentations,ğŸ§©,Nom et Valeurs,Open-Source,
I.2.1.4,PrÃ©sentations,ğŸ§©,Nom et Valeurs,Anarchie,
I.2.2.1,PrÃ©sentations,ğŸ§©,HypothÃ¨ses sur le Besoin,CrÃ©ation,
I.2.2.2,PrÃ©sentations,ğŸ§©,HypothÃ¨ses sur le Besoin,Connaissances,
I.2.2.3,PrÃ©sentations,ğŸ§©,HypothÃ¨ses sur le Besoin,Partage,
I.2.2.4,PrÃ©sentations,ğŸ§©,HypothÃ¨ses sur le Besoin,Liens,
I.2.3.1,PrÃ©sentations,ğŸ§©,Description de lâ€™Offre,Artisanat,
I.2.3.2,PrÃ©sentations,ğŸ§©,Description de lâ€™Offre,Apprentissages,
I.2.3.3,PrÃ©sentations,ğŸ§©,Description de lâ€™Offre,"Accompagnement",
I.2.3.4,PrÃ©sentations,ğŸ§©,Description de lâ€™Offre,Assemblage,
I.2.4.1,PrÃ©sentations,ğŸ§©,Vision Globale,Atelier,
I.2.4.2,PrÃ©sentations,ğŸ§©,Vision Globale,Academie,
I.2.4.3,PrÃ©sentations,ğŸ§©,Vision Globale,Alliance,
I.2.4.4,PrÃ©sentations,ğŸ§©,Vision Globale,Agora,
I.3.1.1,PrÃ©sentations,ğŸ’¼,Contexte,Liberte,
I.3.1.2,PrÃ©sentations,ğŸ’¼,Contexte,CDUI,
I.3.1.3,PrÃ©sentations,ğŸ’¼,Contexte,Environnement,
I.3.1.4,PrÃ©sentations,ğŸ’¼,Contexte,Ambitions,
I.3.2.1,PrÃ©sentations,ğŸ’¼,Objectifs,CrÃ©er,
I.3.2.2,PrÃ©sentations,ğŸ’¼,Objectifs,Enseigner,
I.3.2.3,PrÃ©sentations,ğŸ’¼,Objectifs,FÃ©dÃ©rer,
I.3.2.4,PrÃ©sentations,ğŸ’¼,Objectifs,Inspirer,
I.3.3.1,PrÃ©sentations,ğŸ’¼,Contraintes,Structure,
I.3.3.2,PrÃ©sentations,ğŸ’¼,Contraintes,"Statuts",
I.3.3.3,PrÃ©sentations,ğŸ’¼,Contraintes,"DÃ©lais",
I.3.3.4,PrÃ©sentations,ğŸ’¼,Contraintes,Budgets,
I.3.4.1,PrÃ©sentations,ğŸ’¼,Outils,Organiser,
I.3.4.2,PrÃ©sentations,ğŸ’¼,Outils,Apprendre,
I.3.4.3,PrÃ©sentations,ğŸ’¼,Outils,Faire,
I.3.4.4,PrÃ©sentations,ğŸ’¼,Outils,Communiquer,
I.4.1.1,PrÃ©sentations,ğŸ“¦,Listes,Figures,
I.4.1.2.1,PrÃ©sentations,ğŸ“¦,Listes,Dropdown,Comment jâ€™ai fait
I.4.1.2.2,PrÃ©sentations,ğŸ“¦,Listes,Dropdown,Reflexions
I.4.1.2.3,PrÃ©sentations,ğŸ“¦,Listes,Dropdown,En Savoir Plus
I.4.1.2.4,PrÃ©sentations,ğŸ“¦,Listes,Dropdown,Usage IA
I.4.1.3,PrÃ©sentations,ğŸ“¦,Listes,Iframe,
I.4.2.1,PrÃ©sentations,ğŸ“¦,Glossaire,Acronymes,
I.4.2.2,PrÃ©sentations,ğŸ“¦,Glossaire,Definitions fr,
I.4.2.3,PrÃ©sentations,ğŸ“¦,Glossaire,Definitions en,
I.4.3,PrÃ©sentations,ğŸ“¦,Bibliography,,
I.4.4.1,PrÃ©sentations,ğŸ“¦,Versions,"Version Alpha (en cours)",
II.1.1.1,Analyse,ğŸ’°,Note & PKM Apps,Exploration,
II.1.1.2,Analyse,ğŸ’°,Note & PKM Apps,Proposition de Valeure,
II.1.1.3,Analyse,ğŸ’°,Note & PKM Apps,SWOT,
II.1.1.4,Analyse,ğŸ’°,Note & PKM Apps,Business Model,
II.1.2.1,Analyse,ğŸ’°,Formation & EdTech,Exploration,
II.1.2.2,Analyse,ğŸ’°,Formation & EdTech,Proposition de Valeure,
II.1.2.3,Analyse,ğŸ’°,Formation & EdTech,SWOT,
II.1.2.4,Analyse,ğŸ’°,Formation & EdTech,Business Model,
II.1.3.1,Analyse,ğŸ’°,FAIR Publishing,Exploration,
II.1.3.2,Analyse,ğŸ’°,FAIR Publishing,Proposition de Valeure,
II.1.3.3,Analyse,ğŸ’°,FAIR Publishing,SWOT,
II.1.3.4,Analyse,ğŸ’°,FAIR Publishing,Business Model,
II.1.4.1,Analyse,ğŸ’°,Ã‰conomie de lâ€™Attention,Exploration,
II.1.4.2,Analyse,ğŸ’°,Ã‰conomie de lâ€™Attention,Proposition de Valeure,
II.1.4.3,Analyse,ğŸ’°,Ã‰conomie de lâ€™Attention,SWOT,
II.1.4.4,Analyse,ğŸ’°,Ã‰conomie de lâ€™Attention,Business Model,
II.2.1.1,Analyse,ğŸ“‚,"CrÃ©ative & Technologique",Objectifs,
II.2.1.2,Analyse,ğŸ“‚,"CrÃ©ative & Technologique",Stockage,
II.2.1.3,Analyse,ğŸ“‚,"CrÃ©ative & Technologique",Traitement,
II.2.1.4,Analyse,ğŸ“‚,"CrÃ©ative & Technologique",Partage,
II.2.2.1,Analyse,ğŸ“‚,Informationnelle et Scientifique,Objectifs,
II.2.2.2,Analyse,ğŸ“‚,Informationnelle et Scientifique,Stockage,
II.2.2.3,Analyse,ğŸ“‚,Informationnelle et Scientifique,Traitement,
II.2.2.4,Analyse,ğŸ“‚,Informationnelle et Scientifique,Partage,
II.2.3.1,Analyse,ğŸ“‚,"Legal & Institutionelle",Objectifs,
II.2.3.2,Analyse,ğŸ“‚,"Legal & Institutionelle",Stockage,
II.2.3.3,Analyse,ğŸ“‚,"Legal & Institutionelle",Traitement,
II.2.3.4,Analyse,ğŸ“‚,"Legal & Institutionelle",Partage,
II.2.4.1,Analyse,ğŸ“‚,Concurrentielle & StratÃ©gique,Objectifs,
II.2.4.2,Analyse,ğŸ“‚,Concurrentielle & StratÃ©gique,Stockage,
II.2.4.3,Analyse,ğŸ“‚,Concurrentielle & StratÃ©gique,Traitement,
II.2.4.4,Analyse,ğŸ“‚,Concurrentielle & StratÃ©gique,Partage,
II.3.1.1,Analyse,â¤ï¸,MÃ©thodes,Source,
II.3.1.2,Analyse,â¤ï¸,MÃ©thodes,EnquÃªtes,
II.3.1.3,Analyse,â¤ï¸,MÃ©thodes,Formulaire,
II.3.1.4,Analyse,â¤ï¸,MÃ©thodes,Interviews,
II.3.2.1,Analyse,â¤ï¸,Cibles,Coeur de Cible,
II.3.2.2,Analyse,â¤ï¸,Cibles,Cible Principale,
II.3.2.3,Analyse,â¤ï¸,Cibles,Cibles Secondaires,
II.3.2.4,Analyse,â¤ï¸,Cibles,Cibles Relais,
II.3.3.1,Analyse,â¤ï¸,Personas,Persona 1,
II.3.3.2,Analyse,â¤ï¸,Personas,Persona 2,
II.3.3.3,Analyse,â¤ï¸,Personas,Persona 3,
II.3.3.4,Analyse,â¤ï¸,Personas,Persona 4,
II.3.4.1,Analyse,â¤ï¸,La CommunautÃ©,Artistes,
II.3.4.2,Analyse,â¤ï¸,La CommunautÃ©,Educateurs,
II.3.4.3,Analyse,â¤ï¸,La CommunautÃ©,Scientifiques,
II.3.4.4,Analyse,â¤ï¸,La CommunautÃ©,Miltante,
,Analyse,ğŸ¤©,Digital (UI / UX),Posthog,
,Analyse,ğŸ¤©,Learning Experience,,
,Analyse,ğŸ¤©,Technologique,,
,Analyse,ğŸ¤©,"Concurrentiel",Obsidian,
,Analyse,ğŸ¤©,"Concurrentiel",Curvenote,
III.1.1.1.1,IdentitÃ©e,ğŸ¯,ADN,Nucleotides,Art
III.1.1.1.2,IdentitÃ©e,ğŸ¯,ADN,Nucleotides,Transmission
III.1.1.1.3,IdentitÃ©e,ğŸ¯,ADN,Nucleotides,"Construction"
III.1.1.1.4,IdentitÃ©e,ğŸ¯,ADN,Nucleotides,Gestion
III.1.1.2.1,IdentitÃ©e,ğŸ¯,ADN,Code Source,Intention
III.1.1.2.2,IdentitÃ©e,ğŸ¯,ADN,Code Source,Innovation
III.1.1.2.3,IdentitÃ©e,ğŸ¯,ADN,Code Source,"TemporalitÃ©"
III.1.1.2.4,IdentitÃ©e,ğŸ¯,ADN,Code Source,"Ethique"
III.1.1.3.1,IdentitÃ©e,ğŸ¯,ADN,"PhÃ©notype CrÃ©atif",EsthÃ©tique
III.1.1.3.2,IdentitÃ©e,ğŸ¯,ADN,"PhÃ©notype CrÃ©atif",Experimentations
III.1.1.3.3,IdentitÃ©e,ğŸ¯,ADN,"PhÃ©notype CrÃ©atif","Langage"
III.1.1.3.4,IdentitÃ©e,ğŸ¯,ADN,"PhÃ©notype CrÃ©atif",EcosystÃ¨me
III.1.1.4,IdentitÃ©e,ğŸ¯,ADN,Dynamiques Evolutives,
,IdentitÃ©e,ğŸ¯,Positionement,,
,IdentitÃ©e,ğŸ¯,PersonalitÃ©,,
,IdentitÃ©e,ğŸ¯,Experience,,
,IdentitÃ©e,ğŸ’¥,,,
,IdentitÃ©e,ğŸ’¥,,,
,IdentitÃ©e,ğŸ’¥,,,
,IdentitÃ©e,ğŸ’¥,,,
,IdentitÃ©e,,,,
,IdentitÃ©e,,,,
,IdentitÃ©e,,,,
,IdentitÃ©e,,,,
,IdentitÃ©e,,,,
,IdentitÃ©e,,,,
,IdentitÃ©e,,,,
,IdentitÃ©e,,,,
,IdentitÃ©e,,,,
,IdentitÃ©e,,,,
,IdentitÃ©e,,,,
,IdentitÃ©e,,,,
,IdentitÃ©e,,,,
,IdentitÃ©e,,,,
,IdentitÃ©e,,,,
,IdentitÃ©e,,,,